Prov,Dpto,Jard,Pob_Jard,Prim,Pob_Prim,Sec,Pob_Sec
Buenos Aires,LA MATANZA,406.0,157034,335.0,225872,336.0,181212
Buenos Aires,LA PLATA,291.0,52075,201.0,77998,211.0,67326
Buenos Aires,LOMAS DE ZAMORA,222.0,50825,179.0,76967,191.0,65257
Buenos Aires,GENERAL PUEYRREDON,242.0,41427,168.0,62565,173.0,57730
Buenos Aires,QUILMES,231.0,47353,145.0,70881,151.0,60085
Buenos Aires,MORENO,134.0,50791,138.0,76357,134.0,60359
Buenos Aires,ALMIRANTE BROWN,181.0,43762,137.0,67913,146.0,58227
Buenos Aires,MERLO,126.0,48007,120.0,71541,125.0,59718
Buenos Aires,LANUS,164.0,28133,117.0,44506,113.0,39855
Buenos Aires,PILAR,148.0,34493,112.0,49944,105.0,41528
Buenos Aires,TIGRE,149.0,32611,111.0,51961,107.0,45401
Buenos Aires,GENERAL SAN MARTIN,134.0,28038,98.0,44539,96.0,39634
Buenos Aires,FLORENCIO VARELA,110.0,44663,98.0,64455,102.0,52426
Buenos Aires,BAHIA BLANCA,160.0,22621,95.0,33944,81.0,28746
Buenos Aires,BERAZATEGUI,146.0,25806,94.0,41462,97.0,35467
Buenos Aires,MORON,162.0,18044,91.0,28780,86.0,26584
Buenos Aires,AVELLANEDA,161.0,22784,91.0,37082,76.0,32476
Buenos Aires,SAN MIGUEL,116.0,24752,91.0,37035,97.0,30653
Buenos Aires,SAN ISIDRO,152.0,17057,89.0,26323,88.0,25052
Buenos Aires,TRES DE FEBRERO,155.0,21166,87.0,33616,83.0,30170
Buenos Aires,MALVINAS ARGENTINAS,92.0,25943,81.0,40319,87.0,34959
Buenos Aires,ESCOBAR,99.0,21900,79.0,31983,78.0,25714
Buenos Aires,VICENTE LOPEZ,155.0,14893,75.0,22610,69.0,21312
Buenos Aires,OLAVARRIA,98.0,8554,74.0,13055,41.0,11526
Buenos Aires,ESTEBAN ECHEVERRIA,86.0,27670,71.0,41112,72.0,34241
Buenos Aires,JOSE C. PAZ,58.0,29597,63.0,42316,61.0,34014
Buenos Aires,TANDIL,103.0,9785,62.0,14723,41.0,12884
Buenos Aires,SAN NICOLAS,74.0,12727,57.0,17845,51.0,15225
Buenos Aires,PERGAMINO,84.0,8676,56.0,12264,39.0,10389
Buenos Aires,SAN FERNANDO,104.0,11498,55.0,17900,47.0,15461
Buenos Aires,AZUL,72.0,5390,54.0,8219,27.0,7066
Buenos Aires,NECOCHEA,67.0,6914,50.0,10545,35.0,9347
Buenos Aires,LUJAN,77.0,8352,49.0,12341,38.0,10388
Buenos Aires,CHIVILCOY,62.0,4906,49.0,7181,22.0,6479
Buenos Aires,25 DE MAYO,64.0,2706,47.0,3733,17.0,3238
Buenos Aires,TRENQUE LAUQUEN,65.0,4016,47.0,5326,17.0,4442
Buenos Aires,HURLINGHAM,73.0,11620,46.0,18866,50.0,16751
Buenos Aires,EZEIZA,64.0,17155,46.0,25615,45.0,21089
Buenos Aires,JUNIN,66.0,7543,46.0,10433,35.0,8728
Buenos Aires,ITUZAINGO,77.0,10707,45.0,17692,47.0,16004
Buenos Aires,ZARATE,69.0,9976,45.0,15431,37.0,13300
Buenos Aires,MERCEDES,61.0,5457,44.0,7882,25.0,6753
Buenos Aires,CAMPANA,75.0,8120,43.0,12587,41.0,10846
Buenos Aires,SAN PEDRO,46.0,5781,42.0,8283,25.0,7113
Buenos Aires,TRES ARROYOS,61.0,4260,41.0,6392,22.0,5392
Buenos Aires,LINCOLN,50.0,3480,41.0,4674,19.0,4080
Buenos Aires,LAS FLORES,22.0,1982,39.0,2771,10.0,2543
Buenos Aires,CAÑUELAS,37.0,6225,39.0,9538,30.0,7497
Buenos Aires,CHASCOMUS,40.0,3167,38.0,4976,19.0,4223
Buenos Aires,BALCARCE,57.0,3638,38.0,5070,20.0,4268
Buenos Aires,9 DE JULIO,56.0,3963,37.0,5830,21.0,4999
Buenos Aires,BOLIVAR,47.0,2830,37.0,3857,15.0,3206
Buenos Aires,CHACABUCO,48.0,3518,37.0,5344,19.0,4811
Buenos Aires,SALADILLO,42.0,2716,36.0,3785,13.0,3339
Buenos Aires,AYACUCHO,40.0,1699,36.0,2442,12.0,2150
Buenos Aires,CORONEL SUAREZ,62.0,2881,35.0,4418,22.0,3537
Buenos Aires,LOBOS,50.0,3294,35.0,4668,15.0,4035
Buenos Aires,GENERAL RODRIGUEZ,57.0,14137,34.0,20970,32.0,15698
Buenos Aires,PEHUAJO,44.0,3474,34.0,4827,18.0,4284
Buenos Aires,LOBERIA,38.0,1302,32.0,1865,10.0,1638
Buenos Aires,SAN VICENTE,38.0,9859,32.0,14032,20.0,10952
Buenos Aires,VILLARINO,35.0,2586,32.0,3677,14.0,3288
Buenos Aires,GENERAL VILLEGAS,58.0,2797,32.0,4006,17.0,3428
Buenos Aires,NAVARRO,41.0,1501,30.0,2341,9.0,2082
Buenos Aires,SAN ANDRES DE GILES,50.0,2151,29.0,3031,16.0,2583
Buenos Aires,PATAGONES,40.0,2857,28.0,4262,14.0,3335
Buenos Aires,BERISSO,30.0,7704,28.0,11779,25.0,9722
Buenos Aires,BARADERO,39.0,3225,27.0,4372,19.0,3818
Buenos Aires,MAR CHIQUITA,35.0,2519,26.0,3622,13.0,3044
Buenos Aires,GENERAL ALVEAR,22.0,758,26.0,1137,6.0,912
Buenos Aires,CORONEL DE MARINA L ROSALES,36.0,4705,26.0,7353,19.0,6424
Buenos Aires,GENERAL PAZ,25.0,1095,25.0,1705,6.0,1390
Buenos Aires,ROQUE PEREZ,31.0,1104,25.0,1572,6.0,1316
Buenos Aires,RAMALLO,21.0,3451,24.0,4707,11.0,4088
Buenos Aires,CORONEL PRINGLES,38.0,1890,24.0,2791,11.0,2166
Buenos Aires,LA COSTA,39.0,7455,24.0,11364,22.0,10072
Buenos Aires,MARCOS PAZ,39.0,5973,24.0,8477,17.0,7148
Buenos Aires,MAGDALENA,32.0,1935,23.0,2768,15.0,2260
Buenos Aires,ADOLFO ALSINA,31.0,1292,23.0,1697,12.0,1437
Buenos Aires,GENERAL JUAN MADARIAGA,31.0,1548,23.0,2637,11.0,2375
Buenos Aires,CARLOS CASARES,34.0,1731,23.0,2491,14.0,2110
Buenos Aires,BRANDSEN,26.0,2588,22.0,3997,17.0,3510
Buenos Aires,RAUCH,30.0,1197,22.0,1761,7.0,1519
Buenos Aires,BRAGADO,31.0,3360,22.0,4807,16.0,4203
Buenos Aires,TAPALQUE,28.0,873,22.0,1125,5.0,1059
Buenos Aires,GENERAL ALVARADO,30.0,3570,21.0,4822,20.0,4254
Buenos Aires,EXALTACION DE LA CRUZ,30.0,3424,21.0,4920,14.0,3860
Buenos Aires,DOLORES,18.0,2569,21.0,3369,9.0,2998
Buenos Aires,DAIREAUX,28.0,1395,21.0,1986,10.0,1828
Buenos Aires,ARRECIFES,31.0,2644,20.0,3542,10.0,2961
Buenos Aires,ROJAS,27.0,1851,20.0,2724,9.0,2362
Buenos Aires,CORONEL DORREGO,31.0,1131,20.0,1609,10.0,1418
Buenos Aires,TORNQUIST,30.0,997,20.0,1549,12.0,1238
Buenos Aires,RIVADAVIA,30.0,1734,20.0,2317,10.0,1873
Buenos Aires,SALTO,29.0,3175,20.0,4405,14.0,3794
Buenos Aires,CARMEN DE ARECO,30.0,1443,19.0,1927,9.0,1709
Buenos Aires,CARLOS TEJEDOR,29.0,1107,19.0,1557,9.0,1266
Buenos Aires,PRESIDENTE PERON,24.0,10170,19.0,14476,19.0,11730
Buenos Aires,GUAMINI,28.0,822,18.0,1189,8.0,1063
Buenos Aires,SAN ANTONIO DE ARECO,33.0,2120,18.0,2873,11.0,2569
Buenos Aires,PUAN,27.0,998,18.0,1459,13.0,1232
Buenos Aires,CASTELLI,12.0,760,18.0,1013,3.0,904
Buenos Aires,SAAVEDRA,29.0,1436,18.0,2109,10.0,1799
Buenos Aires,MONTE,29.0,1922,18.0,3031,10.0,2380
Buenos Aires,GENERAL VIAMONTE,24.0,1801,18.0,2538,9.0,2039
Buenos Aires,ENSENADA,30.0,4917,18.0,7776,16.0,6660
Buenos Aires,GENERAL LAS HERAS,28.0,1466,16.0,2054,6.0,1823
Buenos Aires,LAPRIDA,21.0,901,16.0,1366,5.0,1152
Buenos Aires,GENERAL LA MADRID,23.0,866,16.0,1263,8.0,980
Buenos Aires,GENERAL BELGRANO,22.0,1618,16.0,2272,9.0,1893
Buenos Aires,LEANDRO N. ALEM,21.0,1361,15.0,1838,7.0,1700
Buenos Aires,PUNTA INDIO,17.0,936,15.0,1384,6.0,1047
Buenos Aires,COLON,28.0,2014,15.0,2851,11.0,2561
Buenos Aires,ADOLFO GONZALES CHAVES,23.0,950,15.0,1401,9.0,1170
Buenos Aires,PILA,18.0,408,15.0,592,2.0,441
Buenos Aires,GENERAL GUIDO,11.0,236,14.0,338,3.0,304
Buenos Aires,SUIPACHA,25.0,981,14.0,1328,6.0,1257
Buenos Aires,BENITO JUAREZ,20.0,1608,13.0,2277,10.0,2015
Buenos Aires,GENERAL PINTO,16.0,1104,13.0,1321,7.0,1175
Buenos Aires,CAPITAN SARMIENTO,16.0,1180,12.0,1713,6.0,1441
Buenos Aires,MAIPU,18.0,861,12.0,1234,5.0,995
Buenos Aires,ALBERTI,21.0,904,12.0,1378,7.0,1198
Buenos Aires,VILLA GESELL,17.0,2583,12.0,4267,12.0,3801
Buenos Aires,LEZAMA,7.0,443,11.0,639,4.0,570
Buenos Aires,GENERAL ARENALES,21.0,1212,10.0,1535,10.0,1404
Buenos Aires,SAN CAYETANO,13.0,615,10.0,865,4.0,747
Buenos Aires,PINAMAR,18.0,3043,10.0,4519,9.0,3979
Buenos Aires,HIPOLITO YRIGOYEN,10.0,789,9.0,1110,5.0,965
Buenos Aires,FLORENTINO AMEGHINO,16.0,876,9.0,1275,7.0,1107
Buenos Aires,GENERAL LAVALLE,14.0,419,8.0,636,3.0,493
Buenos Aires,TRES LOMAS,11.0,682,7.0,989,4.0,831
Buenos Aires,PELLEGRINI,11.0,662,6.0,831,4.0,610
Buenos Aires,TORDILLO,8.0,244,5.0,298,1.0,231
Buenos Aires,SALLIQUELO,10.0,653,5.0,963,4.0,846
Buenos Aires,MONTE HERMOSO,8.0,596,3.0,942,3.0,782
Catamarca,BELEN,45.0,2482,57.0,3513,27.0,3350
Catamarca,LA PAZ,29.0,2352,51.0,3146,18.0,2844
Catamarca,CAPITAL,51.0,14250,46.0,20132,45.0,17544
Catamarca,TINOGASTA,30.0,2024,39.0,2784,19.0,2684
Catamarca,SANTA MARIA,27.0,2179,33.0,2998,28.0,2619
Catamarca,CAPAYAN,24.0,1697,29.0,2244,12.0,2043
Catamarca,ANCASTI,7.0,243,28.0,334,5.0,322
Catamarca,ANDALGALA,17.0,1535,26.0,2037,15.0,2051
Catamarca,EL ALTO,16.0,394,25.0,517,9.0,485
Catamarca,SANTA ROSA,17.0,1154,25.0,1476,11.0,1361
Catamarca,POMAN,14.0,988,20.0,1480,12.0,1321
Catamarca,AMBATO,13.0,374,18.0,439,5.0,401
Catamarca,VALLE VIEJO,17.0,2667,18.0,3862,14.0,3346
Catamarca,PACLIN,10.0,317,13.0,512,5.0,450
Catamarca,FRAY MAMERTO ESQUIU,10.0,1207,10.0,1651,7.0,1397
Catamarca,ANTOFAGASTA DE LA SIERRA,3.0,142,5.0,241,2.0,174
Chaco,GENERAL GUEMES,107.0,6921,235.0,9486,52.0,7565
Chaco,SAN FERNANDO,211.0,31821,139.0,45514,102.0,36791
Chaco,LIBERTADOR GENERAL SAN MARTIN,58.0,6514,99.0,8406,30.0,6903
Chaco,COMANDANTE FERNANDEZ,54.0,8579,68.0,12218,33.0,10680
Chaco,ALMIRANTE BROWN,37.0,4089,66.0,5089,13.0,4604
Chaco,MAIPU,28.0,2701,53.0,3468,13.0,2776
Chaco,QUITILIPI,36.0,3168,52.0,3819,14.0,3539
Chaco,MAYOR LUIS J FONTANA,42.0,5880,47.0,7600,18.0,5872
Chaco,9 DE JULIO,30.0,2987,43.0,3572,9.0,3053
Chaco,25 DE MAYO,24.0,3301,40.0,4543,9.0,3788
Chaco,CHACABUCO,27.0,3114,33.0,4114,11.0,3194
Chaco,BERMEJO,27.0,2560,32.0,3431,13.0,2793
Chaco,O HIGGINS,28.0,2090,32.0,3018,10.0,2575
Chaco,SAN LORENZO,16.0,1707,31.0,2119,5.0,1694
Chaco,SARGENTO CABRAL,14.0,1769,30.0,2286,7.0,1912
Chaco,12 DE OCTUBRE,23.0,2262,30.0,2851,11.0,2323
Chaco,INDEPENDENCIA,16.0,2318,27.0,3020,6.0,2776
Chaco,FRAY JUSTO SANTA MARIA DE ORO,15.0,968,21.0,1305,7.0,1039
Chaco,PRESIDENCIA DE LA PLAZA,11.0,1353,16.0,1853,4.0,1510
Chaco,2 DE ABRIL,8.0,745,16.0,895,4.0,768
Chaco,GENERAL DONOVAN,11.0,1285,15.0,1794,7.0,1513
Chaco,1§ DE MAYO,10.0,1360,12.0,1810,7.0,1262
Chaco,GENERAL BELGRANO,6.0,1411,12.0,1698,3.0,1470
Chaco,LIBERTAD,11.0,1282,11.0,1682,5.0,1357
Chaco,TAPENAGA,5.0,394,10.0,505,2.0,442
Chubut,ESCALANTE,96.0,16668,63.0,25207,47.0,20255
Chubut,RAWSON,88.0,10491,50.0,15641,35.0,13427
Chubut,BIEDMA,40.0,8111,28.0,12244,24.0,10407
Chubut,FUTALEUFU,37.0,3522,28.0,5702,23.0,4656
Chubut,CUSHAMEN,29.0,2022,26.0,3216,19.0,2710
Chubut,GAIMAN,12.0,998,9.0,1396,9.0,1244
Chubut,RIO SENGUER,9.0,565,9.0,746,7.0,517
Chubut,SARMIENTO,9.0,1344,8.0,1995,4.0,1510
Chubut,TEHUELCHES,5.0,464,5.0,754,4.0,546
Chubut,GASTRE,4.0,83,5.0,108,5.0,97
Chubut,LANGUIÑEO,6.0,236,5.0,297,5.0,269
Chubut,TELSEN,3.0,117,4.0,167,4.0,151
Chubut,FLORENTINO AMEGHINO,3.0,175,2.0,221,1.0,157
Chubut,PASO DE INDIOS,4.0,137,2.0,191,3.0,147
Chubut,MARTIRES,2.0,64,2.0,74,1.0,54
Corrientes,CAPITAL,178.0,35160,97.0,47808,72.0,40759
Corrientes,GOYA,86.0,9035,96.0,12729,31.0,11020
Corrientes,ESQUINA,46.0,3662,56.0,4809,15.0,4256
Corrientes,CURUZU CUATIA,40.0,4649,49.0,6209,16.0,5270
Corrientes,SANTO TOME,49.0,6984,49.0,9454,22.0,7725
Corrientes,SAN LUIS DEL PALMAR,31.0,1862,42.0,2392,11.0,2129
Corrientes,MONTE CASEROS,29.0,4116,39.0,5486,13.0,4434
Corrientes,EMPEDRADO,24.0,1574,39.0,2041,8.0,1795
Corrientes,MERCEDES,38.0,4965,39.0,6120,15.0,4682
Corrientes,LAVALLE,38.0,4432,39.0,5545,14.0,4384
Corrientes,BELLA VISTA,37.0,4397,37.0,5598,12.0,4349
Corrientes,PASO DE LOS LIBRES,33.0,5442,34.0,7451,14.0,6405
Corrientes,CONCEPCION,26.0,2791,34.0,3721,8.0,3145
Corrientes,ITUZAINGO,29.0,3816,33.0,4878,14.0,4073
Corrientes,GENERAL PAZ,30.0,1425,32.0,1916,12.0,1636
Corrientes,SALADAS,27.0,2703,28.0,3566,9.0,3134
Corrientes,SAN ROQUE,24.0,2171,28.0,2726,9.0,2356
Corrientes,SAN MARTIN,16.0,1512,24.0,1980,9.0,1694
Corrientes,SAN COSME,23.0,1633,22.0,2191,7.0,1708
Corrientes,SAUCE,15.0,922,18.0,1251,6.0,1114
Corrientes,MBURUCUYA,14.0,1002,17.0,1317,6.0,1230
Corrientes,SAN MIGUEL,15.0,1287,17.0,1758,6.0,1480
Corrientes,ITATI,13.0,1136,13.0,1491,6.0,1164
Corrientes,GENERAL ALVEAR,9.0,873,12.0,1086,4.0,936
Corrientes,BERON DE ASTRADA,3.0,231,5.0,301,2.0,288
Córdoba,CAPITAL,463.0,105777,413.0,149261,298.0,132716
Córdoba,SAN JUSTO,159.0,17737,169.0,24255,88.0,21387
Córdoba,RIO CUARTO,136.0,21670,150.0,28900,87.0,24194
Córdoba,COLON,100.0,24253,101.0,34951,68.0,29481
Córdoba,UNION,85.0,8748,93.0,12013,42.0,10336
Córdoba,CRUZ DEL EJE,69.0,5650,82.0,7539,23.0,6409
Córdoba,PUNILLA,76.0,15214,81.0,22996,56.0,19945
Córdoba,MARCOS JUAREZ,67.0,7791,80.0,10712,36.0,9015
Córdoba,GENERAL SAN MARTIN,75.0,12494,79.0,16719,37.0,13699
Córdoba,RIO SEGUNDO,60.0,8823,72.0,12120,46.0,10358
Córdoba,RIO PRIMERO,62.0,5303,72.0,6664,30.0,5637
Córdoba,TERCERO ARRIBA,62.0,9114,68.0,12660,40.0,10615
Córdoba,SANTA MARIA,64.0,12002,68.0,16655,43.0,13320
Córdoba,CALAMUCHITA,57.0,5902,67.0,8474,30.0,7104
Córdoba,SAN ALBERTO,45.0,3328,53.0,4666,22.0,3958
Córdoba,SAN JAVIER,47.0,4809,52.0,7043,20.0,5838
Córdoba,JUAREZ CELMAN,46.0,5605,50.0,7504,25.0,6295
Córdoba,ISCHILIN,35.0,3125,41.0,4159,11.0,3859
Córdoba,TULUMBA,30.0,1158,40.0,1454,7.0,1262
Córdoba,RIO SECO,28.0,1324,37.0,1890,8.0,1619
Córdoba,PRESIDENTE ROQUE SAENZ PEÑA,31.0,2907,33.0,4130,16.0,3526
Córdoba,TOTORAL,28.0,1943,32.0,2627,11.0,2260
Córdoba,GENERAL ROCA,29.0,2905,29.0,3828,16.0,3338
Córdoba,POCHO,18.0,377,28.0,472,5.0,471
Córdoba,MINAS,21.0,371,23.0,499,9.0,454
Córdoba,SOBREMONTE,11.0,345,13.0,468,3.0,474
Entre Ríos,PARANA,257.0,27975,223.0,40780,143.0,34203
Entre Ríos,GUALEGUAYCHU,113.0,9410,111.0,13745,47.0,11683
Entre Ríos,URUGUAY,92.0,8632,96.0,12543,51.0,10989
Entre Ríos,LA PAZ,86.0,6549,95.0,9094,34.0,7510
Entre Ríos,VILLAGUAY,81.0,4679,93.0,6258,27.0,5445
Entre Ríos,CONCORDIA,115.0,17901,90.0,24910,57.0,19760
Entre Ríos,NOGOYA,76.0,3364,87.0,4731,27.0,3961
Entre Ríos,FEDERACION,65.0,6876,76.0,9326,30.0,7362
Entre Ríos,FEDERAL,51.0,2629,56.0,3327,16.0,2784
Entre Ríos,DIAMANTE,55.0,3847,56.0,5216,27.0,4404
Entre Ríos,GUALEGUAY,51.0,4529,55.0,6359,21.0,5287
Entre Ríos,COLON,58.0,5907,52.0,8095,26.0,6808
Entre Ríos,TALA,41.0,2477,47.0,3601,17.0,2963
Entre Ríos,VICTORIA,56.0,3123,46.0,4259,31.0,3629
Entre Ríos,FELICIANO,29.0,1461,30.0,2002,10.0,1752
Entre Ríos,ISLAS DEL IBICUY,26.0,1271,24.0,1790,10.0,1491
Entre Ríos,SAN SALVADOR,21.0,1743,19.0,2487,7.0,2170
Formosa,PATIÑO,104.0,8070,129.0,11476,77.0,8864
Formosa,PIRANE,71.0,6830,100.0,9417,67.0,7940
Formosa,FORMOSA,126.0,21127,91.0,30764,65.0,26381
Formosa,BERMEJO,46.0,1763,61.0,2371,20.0,1864
Formosa,PILCOMAYO,75.0,8934,61.0,11883,45.0,9453
Formosa,RAMON LISTA,35.0,2421,59.0,3239,15.0,2578
Formosa,PILAGAS,28.0,1864,34.0,2530,19.0,2118
Formosa,MATACOS,14.0,1918,24.0,2539,13.0,2024
Formosa,LAISHI,20.0,1725,23.0,2496,18.0,2230
Jujuy,DOCTOR MANUEL BELGRANO,135.0,23048,86.0,36369,67.0,29775
Jujuy,EL CARMEN,51.0,11018,44.0,15576,30.0,12999
Jujuy,SAN PEDRO,52.0,7205,41.0,10745,27.0,8540
Jujuy,YAVI,37.0,2367,36.0,3247,9.0,2798
Jujuy,HUMAHUACA,30.0,1752,35.0,2892,20.0,2366
Jujuy,COCHINOCA,26.0,1322,32.0,2002,12.0,1782
Jujuy,LEDESMA,33.0,8147,28.0,11518,18.0,9498
Jujuy,PALPALA,25.0,4800,22.0,7650,12.0,6532
Jujuy,TILCARA,15.0,1063,18.0,1787,8.0,1565
Jujuy,SANTA CATALINA,16.0,282,17.0,350,9.0,304
Jujuy,SANTA BARBARA,16.0,1905,15.0,2848,10.0,2152
Jujuy,TUMBAYA,15.0,375,15.0,631,7.0,468
Jujuy,RINCONADA,9.0,170,11.0,292,7.0,187
Jujuy,SUSQUES,9.0,439,10.0,604,9.0,483
Jujuy,VALLE GRANDE,7.0,194,8.0,332,6.0,273
Jujuy,SAN ANTONIO,6.0,539,6.0,820,2.0,617
La Pampa,CAPITAL,67.0,8258,42.0,12927,37.0,10902
La Pampa,MARACO,26.0,5292,26.0,7633,23.0,6334
La Pampa,UTRACAN,11.0,1321,14.0,2084,10.0,1668
La Pampa,REALICO,10.0,1232,12.0,1924,12.0,1672
La Pampa,RANCUL,8.0,853,11.0,1281,8.0,1164
La Pampa,CONHELO,10.0,1023,10.0,1567,11.0,1227
La Pampa,CHAPALEUFU,9.0,960,9.0,1353,9.0,1136
La Pampa,PUELEN,6.0,1095,8.0,1576,6.0,1178
La Pampa,ATREUCO,6.0,769,8.0,1146,7.0,1002
La Pampa,QUEMU QUEMU,5.0,600,7.0,825,5.0,807
La Pampa,TOAY,7.0,1540,7.0,2436,4.0,1773
La Pampa,GUATRACHE,6.0,690,7.0,894,6.0,827
La Pampa,LOVENTUE,6.0,647,7.0,993,7.0,858
La Pampa,CATRILO,5.0,648,5.0,1019,4.0,794
La Pampa,HUCAL,6.0,486,5.0,693,4.0,617
La Pampa,TRENEL,4.0,435,4.0,580,4.0,495
La Pampa,CHICAL CO,2.0,110,3.0,180,2.0,163
La Pampa,CURACO,2.0,99,2.0,125,2.0,90
La Pampa,LIMAY MAHUIDA,2.0,33,2.0,46,1.0,24
La Pampa,CALEU CALEU,2.0,194,2.0,325,1.0,283
La Pampa,CHALILEO,1.0,201,1.0,354,2.0,270
La Pampa,LIHUEL CALEL,1.0,39,1.0,52,1.0,44
La Rioja,CAPITAL,102.0,15697,83.0,23293,43.0,20533
La Rioja,ROSARIO VERA PEÑALOZA,26.0,1310,32.0,1900,22.0,1616
La Rioja,CHILECITO,33.0,4579,32.0,7038,20.0,6402
La Rioja,GENERAL OCAMPO,12.0,567,29.0,765,10.0,696
La Rioja,GENERAL JUAN F QUIROGA,22.0,337,25.0,406,13.0,417
La Rioja,GENERAL SAN MARTIN,13.0,394,24.0,643,15.0,550
La Rioja,CHAMICAL,15.0,1307,24.0,1589,17.0,1472
La Rioja,GENERAL BELGRANO,17.0,621,20.0,784,14.0,728
La Rioja,CORONEL FELIPE VARELA,15.0,829,17.0,1249,6.0,1001
La Rioja,GENERAL ANGEL V PEÑALOZA,11.0,255,16.0,392,11.0,296
La Rioja,FAMATINA,14.0,479,14.0,757,5.0,711
La Rioja,ARAUCO,15.0,1353,13.0,1915,8.0,1593
La Rioja,INDEPENDENCIA,7.0,209,10.0,291,7.0,257
La Rioja,CASTRO BARROS,6.0,409,7.0,626,4.0,511
La Rioja,SAN BLAS DE LOS SAUCES,6.0,345,7.0,501,4.0,422
La Rioja,VINCHINA,6.0,224,6.0,294,3.0,257
La Rioja,GENERAL LAMADRID,2.0,158,2.0,191,1.0,187
La Rioja,SANAGASTA,1.0,230,1.0,361,1.0,270
Mendoza,SAN RAFAEL,157.0,17237,130.0,24756,56.0,19958
Mendoza,GUAYMALLEN,112.0,25349,87.0,36996,48.0,29798
Mendoza,MAIPU,89.0,18163,70.0,26442,32.0,21528
Mendoza,GODOY CRUZ,90.0,13392,67.0,19838,34.0,16701
Mendoza,SAN MARTIN,83.0,11642,62.0,17257,24.0,13262
Mendoza,CAPITAL,82.0,8283,62.0,11563,57.0,9394
Mendoza,LUJAN DE CUYO,68.0,13914,55.0,20822,24.0,17463
Mendoza,LAS HERAS,83.0,19700,55.0,28992,29.0,23685
Mendoza,LAVALLE,61.0,4526,46.0,6674,17.0,5019
Mendoza,GENERAL ALVEAR,56.0,4069,43.0,6260,12.0,4846
Mendoza,RIVADAVIA,45.0,5261,31.0,7683,10.0,6036
Mendoza,TUNUYAN,41.0,5158,31.0,7833,12.0,6153
Mendoza,SAN CARLOS,46.0,3475,30.0,5109,12.0,4018
Mendoza,JUNIN,41.0,3662,28.0,5299,11.0,4319
Mendoza,SANTA ROSA,36.0,1765,22.0,2509,4.0,1897
Mendoza,TUPUNGATO,25.0,3810,22.0,5685,11.0,4481
Mendoza,MALARGUE,28.0,2811,22.0,4345,12.0,3426
Mendoza,LA PAZ,13.0,1018,11.0,1499,3.0,1108
Misiones,GUARANI,107.0,8802,148.0,11433,62.0,8836
Misiones,CAPITAL,156.0,33142,130.0,47460,88.0,37696
Misiones,OBERA,101.0,11680,110.0,16152,68.0,12528
Misiones,CAINGUAS,87.0,6425,97.0,8762,61.0,6766
Misiones,GENERAL MANUEL BELGRANO,67.0,5458,84.0,6918,49.0,5169
Misiones,IGUAZU,80.0,10641,81.0,14290,31.0,10929
Misiones,SAN IGNACIO,67.0,6498,80.0,8670,42.0,6716
Misiones,SAN PEDRO,49.0,4462,80.0,5727,31.0,4161
Misiones,LEANDRO N. ALEM,56.0,4430,68.0,6082,42.0,4879
Misiones,LIBERTADOR GRL SAN MARTIN,56.0,5227,67.0,6927,30.0,5525
Misiones,25 DE MAYO,43.0,3369,66.0,4288,34.0,3286
Misiones,ELDORADO,60.0,8721,64.0,12100,32.0,9635
Misiones,SAN JAVIER,31.0,2346,39.0,3294,8.0,2470
Misiones,APOSTOLES,33.0,5262,35.0,6783,19.0,5453
Misiones,MONTECARLO,34.0,3674,35.0,5313,18.0,4258
Misiones,CANDELARIA,24.0,3758,30.0,4979,14.0,3937
Misiones,CONCEPCION,14.0,1087,20.0,1384,4.0,1152
Neuquén,CONFLUENCIA,163.0,34739,162.0,52500,89.0,42174
Neuquén,ZAPALA,27.0,3426,31.0,5480,9.0,4533
Neuquén,LACAR,25.0,2801,24.0,4460,9.0,3818
Neuquén,HUILICHES,19.0,1713,19.0,2530,7.0,1973
Neuquén,CHOS MALAL,10.0,1298,18.0,2162,4.0,1701
Neuquén,MINAS,12.0,737,17.0,1061,6.0,831
Neuquén,PEHUENCHES,10.0,2678,17.0,4093,9.0,3242
Neuquén,ÑORQUIN,8.0,440,13.0,646,5.0,522
Neuquén,ALUMINE,13.0,878,13.0,1208,6.0,1021
Neuquén,CATAN LIL,11.0,220,12.0,368,1.0,258
Neuquén,LONCOPUE,6.0,675,11.0,927,3.0,729
Neuquén,PICUNCHES,8.0,721,10.0,1097,3.0,793
Neuquén,AÑELO,7.0,1908,9.0,2480,6.0,1881
Neuquén,LOS LAGOS,9.0,1136,9.0,1861,6.0,1466
Neuquén,PICUN LEUFU,5.0,391,7.0,631,2.0,445
Neuquén,COLLON CURA,5.0,360,7.0,535,2.0,461
Río Negro,GENERAL ROCA,177.0,29296,168.0,43425,91.0,35515
Río Negro,BARILOCHE,95.0,11266,72.0,17315,48.0,13885
Río Negro,ADOLFO ALSINA,55.0,4517,34.0,7124,21.0,6046
Río Negro,AVELLANEDA,24.0,3407,28.0,4940,14.0,4126
Río Negro,SAN ANTONIO,19.0,2730,16.0,4166,8.0,3416
Río Negro,25 DE MAYO,12.0,1353,14.0,1877,9.0,1607
Río Negro,PILCANIYEU,9.0,598,13.0,1107,5.0,821
Río Negro,PICHI MAHUIDA,9.0,1344,11.0,1943,4.0,1439
Río Negro,CONESA,9.0,605,9.0,840,2.0,630
Río Negro,ÑORQUINCO,4.0,113,9.0,141,3.0,127
Río Negro,EL CUY,8.0,545,8.0,901,8.0,675
Río Negro,VALCHETA,5.0,337,8.0,457,4.0,367
Río Negro,9 DE JULIO,7.0,274,7.0,408,6.0,321
Salta,CAPITAL,206.0,47812,156.0,72054,128.0,59245
Salta,GENERAL JOSE DE SAN MARTIN,106.0,19509,108.0,25874,44.0,20452
Salta,RIVADAVIA,96.0,5048,103.0,6427,16.0,4929
Salta,ORAN,76.0,16651,66.0,22746,27.0,18047
Salta,ANTA,55.0,7052,55.0,9429,22.0,7601
Salta,SANTA VICTORIA,35.0,909,44.0,1436,7.0,1218
Salta,ROSARIO DE LERMA,36.0,4735,33.0,6604,10.0,5208
Salta,ROSARIO DE LA FRONTERA,31.0,2966,32.0,4146,10.0,3302
Salta,GENERAL GUEMES,31.0,4858,27.0,6917,11.0,5526
Salta,METAN,28.0,4326,27.0,5695,14.0,4488
Salta,IRUYA,19.0,676,24.0,930,6.0,785
Salta,SAN CARLOS,20.0,674,21.0,1102,5.0,812
Salta,CERRILLOS,23.0,5342,18.0,8047,9.0,6079
Salta,CHICOANA,19.0,2069,18.0,3014,6.0,2568
Salta,CACHI,15.0,832,16.0,1236,6.0,883
Salta,MOLINOS,14.0,516,14.0,837,6.0,706
Salta,CAFAYATE,10.0,1430,10.0,2378,6.0,1887
Salta,GUACHIPAS,8.0,314,10.0,403,2.0,332
Salta,LA CALDERA,16.0,966,9.0,1430,3.0,1076
Salta,LOS ANDES,9.0,875,8.0,1130,4.0,923
Salta,LA POMA,7.0,167,8.0,260,2.0,234
Salta,LA VIÑA,5.0,760,7.0,1108,3.0,909
Salta,LA CANDELARIA,7.0,596,7.0,904,3.0,755
San Juan,CAPITAL,62.0,7849,60.0,10619,54.0,9248
San Juan,RAWSON,37.0,11959,47.0,16891,23.0,14120
San Juan,RIVADAVIA,37.0,8399,35.0,11692,17.0,9610
San Juan,JACHAL,31.0,2155,33.0,2781,27.0,2398
San Juan,POCITO,26.0,7282,27.0,10435,14.0,8555
San Juan,CHIMBAS,20.0,9879,26.0,13494,20.0,11469
San Juan,SARMIENTO,23.0,2876,26.0,3853,20.0,3304
San Juan,CAUCETE,23.0,4319,26.0,5636,20.0,5029
San Juan,25 DE MAYO,22.0,2294,22.0,2998,17.0,2605
San Juan,SANTA LUCIA,17.0,5620,20.0,7756,8.0,6279
San Juan,VALLE FERTIL,19.0,772,20.0,963,19.0,801
San Juan,CALINGASTA,17.0,1104,17.0,1476,14.0,1116
San Juan,IGLESIA,11.0,819,14.0,1084,10.0,908
San Juan,ALBARDON,13.0,2958,13.0,4253,8.0,3543
San Juan,SAN MARTIN,12.0,1586,12.0,2165,5.0,1718
San Juan,ANGACO,12.0,969,12.0,1380,8.0,1164
San Juan,9 DE JULIO,5.0,1295,5.0,1704,2.0,1390
San Juan,ULLUM,2.0,614,2.0,864,1.0,704
San Juan,ZONDA,2.0,679,2.0,881,2.0,729
San Luis,GENERAL JUAN MARTIN DE PUEYRREDON,106.0,19681,106.0,28921,111.0,27055
San Luis,GENERAL PEDERNERA,62.0,11922,68.0,17217,67.0,15346
San Luis,AYACUCHO,18.0,2003,42.0,2770,40.0,2471
San Luis,JUNIN,22.0,2825,32.0,4272,39.0,3956
San Luis,BELGRANO,13.0,444,28.0,651,30.0,545
San Luis,LIBERTADOR GRL SAN MARTIN,12.0,327,27.0,445,33.0,444
San Luis,CHACABUCO,15.0,1946,25.0,2742,27.0,2612
San Luis,CORONEL PRINGLES,13.0,1180,24.0,1710,27.0,1641
San Luis,GOBERNADOR DUPUY,13.0,1283,14.0,1708,17.0,1593
Santa Cruz,GUER AIKE,43.0,10573,47.0,16392,36.0,13731
Santa Cruz,DESEADO,37.0,10716,45.0,16156,31.0,13468
Santa Cruz,LAGO ARGENTINO,8.0,2180,9.0,3312,8.0,2596
Santa Cruz,CORPEN AIKE,6.0,1456,6.0,1949,6.0,1497
Santa Cruz,LAGO BUENOS AIRES,4.0,1298,5.0,1616,4.0,1174
Santa Cruz,RIO CHICO,2.0,585,4.0,874,3.0,653
Santa Cruz,MAGALLANES,3.0,1110,3.0,1739,3.0,1324
Santa Fe,ROSARIO,381.0,97904,347.0,136909,263.0,111326
Santa Fe,LA CAPITAL,218.0,42937,176.0,60178,131.0,51318
Santa Fe,GENERAL OBLIGADO,128.0,17202,149.0,22397,68.0,19095
Santa Fe,CASTELLANOS,137.0,15092,127.0,20593,54.0,17437
Santa Fe,SAN CRISTOBAL,113.0,5906,113.0,8274,46.0,6990
Santa Fe,LAS COLONIAS,112.0,8519,106.0,11728,43.0,10201
Santa Fe,GENERAL LOPEZ,106.0,14884,104.0,20764,60.0,17525
Santa Fe,VERA,85.0,4985,96.0,6546,29.0,5536
Santa Fe,9 DE JULIO,56.0,2720,72.0,3636,16.0,3285
Santa Fe,SAN JERONIMO,58.0,6707,62.0,9086,27.0,7615
Santa Fe,SAN LORENZO,52.0,16356,58.0,22850,44.0,17689
Santa Fe,SAN MARTIN,47.0,5177,53.0,7148,22.0,5857
Santa Fe,IRIONDO,40.0,5742,50.0,7768,26.0,6189
Santa Fe,SAN JUSTO,48.0,3766,46.0,5112,17.0,4294
Santa Fe,CONSTITUCION,41.0,6793,45.0,9370,32.0,8501
Santa Fe,CASEROS,37.0,5966,37.0,8294,30.0,7108
Santa Fe,SAN JAVIER,33.0,3076,36.0,4011,14.0,3004
Santa Fe,BELGRANO,20.0,3597,26.0,4903,15.0,4293
Santa Fe,GARAY,19.0,2349,22.0,2920,8.0,2238
Santiago del Estero,CAPITAL,147.0,26352,113.0,37231,97.0,30377
Santiago del Estero,BANDA,122.0,16118,105.0,21600,64.0,17110
Santiago del Estero,COPO,34.0,3908,77.0,4966,20.0,4367
Santiago del Estero,MORENO,46.0,4608,69.0,5635,22.0,5178
Santiago del Estero,PELLEGRINI,52.0,2632,69.0,3634,35.0,2937
Santiago del Estero,RIO HONDO,69.0,6377,68.0,8569,43.0,6856
Santiago del Estero,FIGUEROA,52.0,2127,68.0,2803,26.0,2471
Santiago del Estero,ALBERDI,37.0,2298,59.0,2854,18.0,2369
Santiago del Estero,GENERAL TABOADA,42.0,4772,53.0,6042,10.0,5394
Santiago del Estero,AVELLANEDA,30.0,2758,52.0,3527,26.0,3231
Santiago del Estero,JUAN F IBARRA,31.0,2152,47.0,3004,15.0,2585
Santiago del Estero,CHOYA,40.0,3746,47.0,5276,30.0,4520
Santiago del Estero,LORETO,53.0,2243,45.0,3051,29.0,2561
Santiago del Estero,OJO DE AGUA,29.0,1392,44.0,1714,10.0,1633
Santiago del Estero,QUEBRACHOS,27.0,1286,43.0,1585,12.0,1324
Santiago del Estero,ROBLES,46.0,5435,39.0,7173,24.0,5982
Santiago del Estero,SALAVINA,29.0,1294,39.0,1746,19.0,1654
Santiago del Estero,JIMENEZ,27.0,1847,38.0,2376,31.0,2055
Santiago del Estero,SAN MARTIN,27.0,1183,36.0,1602,19.0,1480
Santiago del Estero,ATAMISQUI,26.0,1520,26.0,2168,14.0,1880
Santiago del Estero,GUASAYAN,18.0,900,23.0,1095,12.0,941
Santiago del Estero,SILIPICA,14.0,861,16.0,1173,14.0,1076
Santiago del Estero,SARMIENTO,9.0,533,16.0,722,8.0,624
Santiago del Estero,RIVADAVIA,12.0,487,16.0,649,3.0,539
Santiago del Estero,AGUIRRE,10.0,804,13.0,1064,6.0,941
Santiago del Estero,BELGRANO,7.0,1033,12.0,1293,5.0,1074
Santiago del Estero,MITRE,5.0,112,9.0,143,4.0,160
Tierra del Fuego,TOLHUIN,3.0,581,3.0,832,2.0,662
Tucumán,CAPITAL,229.0,44089,138.0,60342,144.0,50598
Tucumán,CRUZ ALTA,96.0,21071,76.0,29374,52.0,23883
Tucumán,LEALES,75.0,5678,71.0,7892,43.0,6716
Tucumán,BURRUYACU,56.0,4330,57.0,6034,39.0,4942
Tucumán,SIMOCA,52.0,3132,52.0,4427,28.0,3591
Tucumán,TAFI VIEJO,67.0,15052,48.0,21744,39.0,17829
Tucumán,CHICLIGASTA,47.0,7651,41.0,10719,31.0,8977
Tucumán,MONTEROS,42.0,6523,38.0,9280,24.0,7910
Tucumán,LULES,36.0,8542,31.0,12694,23.0,9951
Tucumán,YERBA BUENA,38.0,8420,31.0,11860,26.0,10036
Tucumán,GRANEROS,30.0,1434,30.0,1880,18.0,1613
Tucumán,RIO CHICO,34.0,5525,30.0,7740,26.0,6483
Tucumán,TRANCAS,25.0,2185,25.0,2854,19.0,2478
Tucumán,TAFI DEL VALLE,23.0,1828,24.0,2606,11.0,2135
Tucumán,FAMAILLA,25.0,4239,23.0,5489,15.0,4607
Tucumán,JUAN B ALBERDI,21.0,2908,19.0,4124,13.0,3462
Tucumán,LA COCHA,17.0,1894,18.0,2557,13.0,2282
